comparison,avg_gain_obj_iou,avg_gain_iou_hard,avg_gain_io_ratio,avg_gain_wdp,avg_gain_func_iou,avg_gain_f1_iou,proposed_f1_better,proposed_f1_equal,better_relations,equal_relations,total_relations
proposed_vs_last_token,0.006308977390080935,0.005616743061172171,0.004697089927480855,-0.0010033985245040526,-0.00023474201615928682,0.0075056127657056335,51.77%,28.37%,73,40,141
proposed_vs_primary_token,-0.040840789888335956,-0.04361892081600431,0.02822109563045453,-0.012059056812767142,0.002673173630848832,-0.048231448212656215,31.91%,15.60%,45,22,141
proposed_vs_secondary_token,0.0015601070149809,-0.0022957744738290983,0.037143327894463195,-0.015709917357459014,-0.00023474201615928682,0.006897418149646419,57.45%,21.28%,81,30,141
